{
  "Av. Acueducto 5000, Puerta de Hierro, Zapopan, 45116 JAL": [
    20.7176877,
    -103.419173
  ],
  "Av. Constitucion s/n, Villa Milpa Alta, Milpa Alta, 12000 CDMX": [
    19.191051,
    -99.022687
  ],
  "Av. Ermita Iztapalapa 2000, Iztapalapa, 09000 CDMX": [
    19.3618464,
    -99.0007872
  ],
  "Av. Heberto Castillo s/n, Paseo de las Minas, Garcia, 66001 NL": [
    25.764161610262153,
    -100.54747497439328
  ],
  "Av. Juarez 2300, La Paz, Puebla, 72160 PUE": [
    19.0504764,
    -98.2171552
  ],
  "Av. Lincoln 4500, Lincoln, Monterrey, 64310 NL": [
    25.719978390647828, 
    -100.35891218788616
  ],
  "Av. Pablo Neruda 3300, Providencia, Guadalajara, 44630 JAL": [
    20.700942168946085,
    -103.37551809539643
  ],
  "Av. Presidente Masaryk 201, Polanco, Miguel Hidalgo, 11560 CDMX": [
    19.431955800410194,
    -99.18987287451621
  ],
  "Av. Reforma 1500, Lomas de Chapultepec, Miguel Hidalgo, 11000 CDMX": [
    19.415490137608266,
    -99.21901146102469
  ],
  "Av. San Jeronimo 1000, San Jeronimo, Monterrey, 64640 NL": [
    25.67485070767507,
    -100.3593899743953
  ],
  "Av. Sendero 100, Centro, General Escobedo, 66050 NL": [
    25.7683845403883,
    -100.29061620322935
  ],
  "Av. Valle Alto 1000, Valle Alto, Monterrey, 64750 NL": [
    25.583280385997284,
    -100.25716136090557
  ],
  "Carr. Nacional Km 263, Valle Alto, San Pedro Garza Garcia, 66290 NL": [
    25.53827745599612,
    -100.21929484741474
  ],
  "Av. San Manuel 100, San Manuel, Puebla, 72570 PUE": [
    19.011325623475418,
    -98.19995669336421
  ]
}